{"cameraMode":{"drawMode":0,"name":"Shaded","section":"Shading Mode"},"sceneLighting":true,"audioPlay":false,"sceneViewState":{"showFog":true,"showMaterialUpdate":false,"showSkybox":true,"showFlares":true,"showImageEffects":true,"showParticleSystems":true},"in2DMode":false,"pivot":{"x":46.998626708984378,"y":1.0150476694107056,"z":47.676239013671878},"rotation":{"x":0.3285995423793793,"y":-0.15040890872478486,"z":0.053136665374040607,"w":0.9309990406036377},"size":0.6738871335983276,"orthographic":false}